v0x(0);omega(0);v0x_opt;omega_opt;x_end;x_dla_y_50;L_wyw
-5.00000;6.00000;-0.07226;10.00189;22.41902;7.00216;564
